{"713.jpg10511":{"fileref":"","size":10511,"filename":"713.jpg","base64_img_data":"","file_attributes":{},"regions":{"0":{"shape_attributes":{"name":"polygon","all_points_x":[125,117,118,121,121,131,137,137,135,125],"all_points_y":[114,119,127,135,137,137,134,123,116,114]},"region_attributes":{"object_name":"player_obj"}},"1":{"shape_attributes":{"name":"polygon","all_points_x":[166,170,177,184,193,166],"all_points_y":[228,219,218,221,229,228]},"region_attributes":{"object_name":"monster_obj"}},"2":{"shape_attributes":{"name":"rect","x":205,"y":186,"width":23,"height":22},"region_attributes":{"object_name":"box_obj"}},"3":{"shape_attributes":{"name":"rect","x":204,"y":207,"width":22,"height":21},"region_attributes":{"object_name":"box_obj"}},"4":{"shape_attributes":{"name":"rect","x":142,"y":226,"width":103,"height":7},"region_attributes":{"object_name":"surface_obj"}}}},"712.jpg11793":{"fileref":"","size":11793,"filename":"712.jpg","base64_img_data":"","file_attributes":{},"regions":{"0":{"shape_attributes":{"name":"polygon","all_points_x":[125,117,118,121,121,131,137,137,135,125],"all_points_y":[114,119,127,135,137,137,134,123,116,114]},"region_attributes":{"object_name":"player_obj"}},"1":{"shape_attributes":{"name":"polygon","all_points_x":[174,178,185,192,194,174],"all_points_y":[130,121,120,123,128,130]},"region_attributes":{"object_name":"monster_obj"}},"2":{"shape_attributes":{"name":"rect","x":212,"y":88,"width":23,"height":22},"region_attributes":{"object_name":"box_obj"}},"3":{"shape_attributes":{"name":"rect","x":213,"y":109,"width":19,"height":21},"region_attributes":{"object_name":"box_obj"}},"4":{"shape_attributes":{"name":"rect","x":73,"y":167,"width":81,"height":7},"region_attributes":{"object_name":"surface_obj"}},"5":{"shape_attributes":{"name":"rect","x":152,"y":126,"width":98,"height":10},"region_attributes":{"object_name":"surface_obj"}}}},"711.jpg11041":{"fileref":"","size":11041,"filename":"711.jpg","base64_img_data":"","file_attributes":{},"regions":{"0":{"shape_attributes":{"name":"polygon","all_points_x":[125,117,118,121,121,131,137,137,135,125],"all_points_y":[114,119,127,135,137,137,134,123,116,114]},"region_attributes":{"object_name":"player_obj"}},"1":{"shape_attributes":{"name":"polygon","all_points_x":[209,213,220,227,229,209],"all_points_y":[227,218,217,220,225,227]},"region_attributes":{"object_name":"monster_obj"}},"2":{"shape_attributes":{"name":"rect","x":186,"y":226,"width":66,"height":8},"region_attributes":{"object_name":"surface_obj"}}}},"708.jpg11655":{"fileref":"","size":11655,"filename":"708.jpg","base64_img_data":"","file_attributes":{},"regions":{"0":{"shape_attributes":{"name":"polygon","all_points_x":[124,116,117,120,120,130,136,136,134,124],"all_points_y":[117,122,130,138,140,140,137,126,119,117]},"region_attributes":{"object_name":"player_obj"}},"1":{"shape_attributes":{"name":"rect","x":181,"y":166,"width":21,"height":23},"region_attributes":{"object_name":"box_obj"}},"2":{"shape_attributes":{"name":"polygon","all_points_x":[211,218,218,214,210,207,206,211],"all_points_y":[172,176,181,184,184,182,179,172]},"region_attributes":{"object_name":"coin_obj"}}}},"704.jpg11577":{"fileref":"","size":11577,"filename":"704.jpg","base64_img_data":"","file_attributes":{},"regions":{"0":{"shape_attributes":{"name":"polygon","all_points_x":[125,117,118,121,121,134,137,137,135,125],"all_points_y":[114,119,127,135,137,139,134,123,116,114]},"region_attributes":{"object_name":"player_obj"}},"1":{"shape_attributes":{"name":"rect","x":189,"y":137,"width":19,"height":21},"region_attributes":{"object_name":"box_obj"}},"2":{"shape_attributes":{"name":"polygon","all_points_x":[218,224,224,219,212,218],"all_points_y":[142,144,151,153,149,142]},"region_attributes":{"object_name":"coin_obj"}}}},"700.jpg4004":{"fileref":"","size":4004,"filename":"700.jpg","base64_img_data":"","file_attributes":{},"regions":{"0":{"shape_attributes":{"name":"polygon","all_points_x":[125,117,118,121,121,131,137,137,135,125],"all_points_y":[114,119,127,135,137,137,134,123,116,114]},"region_attributes":{"object_name":"player_obj"}},"1":{"shape_attributes":{"name":"rect","x":176,"y":208,"width":23,"height":22},"region_attributes":{"object_name":"box_obj"}}}},"697.jpg3923":{"fileref":"","size":3923,"filename":"697.jpg","base64_img_data":"","file_attributes":{},"regions":{"0":{"shape_attributes":{"name":"polygon","all_points_x":[125,117,118,121,121,131,137,137,135,125],"all_points_y":[114,119,127,135,137,137,134,123,116,114]},"region_attributes":{"object_name":"player_obj"}},"1":{"shape_attributes":{"name":"rect","x":228,"y":185,"width":23,"height":22},"region_attributes":{"object_name":"box_obj"}},"2":{"shape_attributes":{"name":"rect","x":232,"y":209,"width":19,"height":20},"region_attributes":{"object_name":"box_obj"}}}},"687.jpg5798":{"fileref":"","size":5798,"filename":"687.jpg","base64_img_data":"","file_attributes":{},"regions":{"0":{"shape_attributes":{"name":"polygon","all_points_x":[125,117,118,121,121,131,137,137,135,125],"all_points_y":[114,119,127,135,137,137,134,123,116,114]},"region_attributes":{"object_name":"player_obj"}},"1":{"shape_attributes":{"name":"rect","x":161,"y":175,"width":19,"height":22},"region_attributes":{"object_name":"box_obj"}},"2":{"shape_attributes":{"name":"rect","x":161,"y":196,"width":20,"height":21},"region_attributes":{"object_name":"box_obj"}}}},"676.jpg8253":{"fileref":"","size":8253,"filename":"676.jpg","base64_img_data":"","file_attributes":{},"regions":{"0":{"shape_attributes":{"name":"polygon","all_points_x":[125,117,118,121,121,132,137,137,135,125],"all_points_y":[114,119,127,135,137,140,134,123,116,114]},"region_attributes":{"object_name":"player_obj"}},"1":{"shape_attributes":{"name":"rect","x":188,"y":98,"width":19,"height":19},"region_attributes":{"object_name":"box_obj"}},"2":{"shape_attributes":{"name":"rect","x":87,"y":216,"width":83,"height":8},"region_attributes":{"object_name":"surface_obj"}},"3":{"shape_attributes":{"name":"rect","x":166,"y":114,"width":85,"height":11},"region_attributes":{"object_name":"surface_obj"}}}},"672.jpg7822":{"fileref":"","size":7822,"filename":"672.jpg","base64_img_data":"","file_attributes":{},"regions":{"0":{"shape_attributes":{"name":"polygon","all_points_x":[127,123,118,121,121,131,137,137,134,127],"all_points_y":[121,124,127,135,137,137,134,123,123,121]},"region_attributes":{"object_name":"player_obj"}},"1":{"shape_attributes":{"name":"polygon","all_points_x":[224,228,235,242,244,224],"all_points_y":[39,30,29,32,37,39]},"region_attributes":{"object_name":"monster_obj"}},"2":{"shape_attributes":{"name":"rect","x":164,"y":19,"width":20,"height":19},"region_attributes":{"object_name":"box_obj"}},"3":{"shape_attributes":{"name":"rect","x":62,"y":139,"width":82,"height":7},"region_attributes":{"object_name":"surface_obj"}},"4":{"shape_attributes":{"name":"rect","x":142,"y":38,"width":108,"height":8},"region_attributes":{"object_name":"surface_obj"}}}},"670.jpg7975":{"fileref":"","size":7975,"filename":"670.jpg","base64_img_data":"","file_attributes":{},"regions":{"0":{"shape_attributes":{"name":"polygon","all_points_x":[125,117,118,121,121,131,137,137,135,125],"all_points_y":[114,119,127,135,137,137,134,123,116,114]},"region_attributes":{"object_name":"player_obj"}},"1":{"shape_attributes":{"name":"polygon","all_points_x":[207,211,218,225,227,207],"all_points_y":[195,186,185,188,193,195]},"region_attributes":{"object_name":"monster_obj"}},"2":{"shape_attributes":{"name":"rect","x":147,"y":174,"width":21,"height":20},"region_attributes":{"object_name":"box_obj"}},"3":{"shape_attributes":{"name":"rect","x":125,"y":195,"width":120,"height":7},"region_attributes":{"object_name":"surface_obj"}}}},"668.jpg8000":{"fileref":"","size":8000,"filename":"668.jpg","base64_img_data":"","file_attributes":{},"regions":{"0":{"shape_attributes":{"name":"polygon","all_points_x":[125,117,118,121,121,131,137,137,135,125],"all_points_y":[114,119,127,135,137,137,134,123,116,114]},"region_attributes":{"object_name":"player_obj"}},"1":{"shape_attributes":{"name":"rect","x":214,"y":18,"width":22,"height":21},"region_attributes":{"object_name":"box_obj"}},"2":{"shape_attributes":{"name":"rect","x":111,"y":137,"width":82,"height":8},"region_attributes":{"object_name":"surface_obj"}},"3":{"shape_attributes":{"name":"rect","x":192,"y":37,"width":58,"height":9},"region_attributes":{"object_name":"surface_obj"}}}},"664.jpg8197":{"fileref":"","size":8197,"filename":"664.jpg","base64_img_data":"","file_attributes":{},"regions":{"0":{"shape_attributes":{"name":"polygon","all_points_x":[125,117,118,121,121,131,137,137,135,125],"all_points_y":[114,119,127,135,137,137,134,123,116,114]},"region_attributes":{"object_name":"player_obj"}},"1":{"shape_attributes":{"name":"polygon","all_points_x":[222,226,233,240,242,222],"all_points_y":[166,157,156,159,164,166]},"region_attributes":{"object_name":"monster_obj"}},"2":{"shape_attributes":{"name":"rect","x":162,"y":146,"width":21,"height":19},"region_attributes":{"object_name":"box_obj"}},"3":{"shape_attributes":{"name":"rect","x":140,"y":165,"width":112,"height":6},"region_attributes":{"object_name":"surface_obj"}}}},"662.jpg8262":{"fileref":"","size":8262,"filename":"662.jpg","base64_img_data":"","file_attributes":{},"regions":{"0":{"shape_attributes":{"name":"polygon","all_points_x":[125,117,118,121,121,131,137,137,135,125],"all_points_y":[118,123,131,139,141,141,138,127,120,118]},"region_attributes":{"object_name":"player_obj"}},"1":{"shape_attributes":{"name":"polygon","all_points_x":[214,218,225,232,234,214],"all_points_y":[140,131,130,133,138,140]},"region_attributes":{"object_name":"monster_obj"}},"2":{"shape_attributes":{"name":"rect","x":154,"y":119,"width":21,"height":20},"region_attributes":{"object_name":"box_obj"}},"3":{"shape_attributes":{"name":"rect","x":53,"y":239,"width":80,"height":6},"region_attributes":{"object_name":"surface_obj"}}}},"5321.jpg4934":{"fileref":"","size":4934,"filename":"5321.jpg","base64_img_data":"","file_attributes":{},"regions":{"0":{"shape_attributes":{"name":"polygon","all_points_x":[126,117,118,121,121,131,137,137,136,126],"all_points_y":[116,119,127,135,137,137,134,123,117,116]},"region_attributes":{"object_name":"player_obj"}},"1":{"shape_attributes":{"name":"polygon","all_points_x":[143,147,154,161,163,143],"all_points_y":[195,186,185,188,193,195]},"region_attributes":{"object_name":"monster_obj"}},"2":{"shape_attributes":{"name":"rect","x":122,"y":156,"width":19,"height":17},"region_attributes":{"object_name":"box_obj"}},"3":{"shape_attributes":{"name":"rect","x":122,"y":177,"width":19,"height":19},"region_attributes":{"object_name":"box_obj"}},"4":{"shape_attributes":{"name":"polygon","all_points_x":[191,183,181,183,186,194,198,191],"all_points_y":[178,178,183,189,192,192,185,178]},"region_attributes":{"object_name":"coin_obj"}}}},"5311.jpg4593":{"fileref":"","size":4593,"filename":"5311.jpg","base64_img_data":"","file_attributes":{},"regions":{"0":{"shape_attributes":{"name":"polygon","all_points_x":[125,117,118,121,121,131,137,137,135,125],"all_points_y":[117,122,130,138,140,140,137,126,119,117]},"region_attributes":{"object_name":"player_obj"}},"1":{"shape_attributes":{"name":"polygon","all_points_x":[179,183,190,197,199,179],"all_points_y":[200,191,190,193,198,200]},"region_attributes":{"object_name":"monster_obj"}},"2":{"shape_attributes":{"name":"rect","x":156,"y":158,"width":23,"height":21},"region_attributes":{"object_name":"box_obj"}},"3":{"shape_attributes":{"name":"rect","x":159,"y":180,"width":20,"height":20},"region_attributes":{"object_name":"box_obj"}},"4":{"shape_attributes":{"name":"circle","cx":228,"cy":188,"r":6},"region_attributes":{"object_name":"coin_obj"}}}},"526.jpg5722":{"fileref":"","size":5722,"filename":"526.jpg","base64_img_data":"","file_attributes":{},"regions":{"0":{"shape_attributes":{"name":"polygon","all_points_x":[124,119,118,121,121,131,137,137,132,124],"all_points_y":[122,124,130,138,140,140,137,126,120,122]},"region_attributes":{"object_name":"player_obj"}},"1":{"shape_attributes":{"name":"rect","x":231,"y":38,"width":19,"height":20},"region_attributes":{"object_name":"box_obj"}},"2":{"shape_attributes":{"name":"rect","x":233,"y":61,"width":17,"height":19},"region_attributes":{"object_name":"box_obj"}}}},"513.jpg3616":{"fileref":"","size":3616,"filename":"513.jpg","base64_img_data":"","file_attributes":{},"regions":{"0":{"shape_attributes":{"name":"polygon","all_points_x":[125,120,118,121,121,131,137,137,132,125],"all_points_y":[115,121,127,135,137,137,134,123,118,115]},"region_attributes":{"object_name":"player_obj"}},"1":{"shape_attributes":{"name":"polygon","all_points_x":[191,195,202,209,211,191],"all_points_y":[220,211,210,213,218,220]},"region_attributes":{"object_name":"monster_obj"}}}},"512.jpg3418":{"fileref":"","size":3418,"filename":"512.jpg","base64_img_data":"","file_attributes":{},"regions":{"0":{"shape_attributes":{"name":"polygon","all_points_x":[125,117,118,121,121,131,137,137,135,125],"all_points_y":[119,124,132,140,142,142,139,128,121,119]},"region_attributes":{"object_name":"player_obj"}},"1":{"shape_attributes":{"name":"polygon","all_points_x":[208,212,219,226,228,208],"all_points_y":[99,90,89,92,97,99]},"region_attributes":{"object_name":"monster_obj"}}}},"499.jpg4777":{"fileref":"","size":4777,"filename":"499.jpg","base64_img_data":"","file_attributes":{},"regions":{"0":{"shape_attributes":{"name":"polygon","all_points_x":[125,117,118,121,121,131,137,137,135,125],"all_points_y":[114,119,127,135,137,137,133,123,116,114]},"region_attributes":{"object_name":"player_obj"}},"1":{"shape_attributes":{"name":"rect","x":197,"y":76,"width":20,"height":19},"region_attributes":{"object_name":"box_obj"}},"2":{"shape_attributes":{"name":"rect","x":57,"y":192,"width":82,"height":11},"region_attributes":{"object_name":"surface_obj"}},"3":{"shape_attributes":{"name":"rect","x":138,"y":134,"width":96,"height":6},"region_attributes":{"object_name":"surface_obj"}},"4":{"shape_attributes":{"name":"circle","cx":227,"cy":121,"r":8},"region_attributes":{"object_name":"coin_obj"}}}},"489.jpg4055":{"fileref":"","size":4055,"filename":"489.jpg","base64_img_data":"","file_attributes":{},"regions":{"0":{"shape_attributes":{"name":"polygon","all_points_x":[125,117,118,121,121,131,137,137,135,125],"all_points_y":[114,119,127,135,137,137,134,123,116,114]},"region_attributes":{"object_name":"player_obj"}},"1":{"shape_attributes":{"name":"rect","x":212,"y":146,"width":21,"height":21},"region_attributes":{"object_name":"box_obj"}},"2":{"shape_attributes":{"name":"rect","x":213,"y":188,"width":19,"height":18},"region_attributes":{"object_name":"box_obj"}},"3":{"shape_attributes":{"name":"rect","x":151,"y":204,"width":95,"height":9},"region_attributes":{"object_name":"surface_obj"}},"4":{"shape_attributes":{"name":"circle","cx":243,"cy":196,"r":8},"region_attributes":{"object_name":"coin_obj"}}}},"487.jpg4045":{"fileref":"","size":4045,"filename":"487.jpg","base64_img_data":"","file_attributes":{},"regions":{"0":{"shape_attributes":{"name":"polygon","all_points_x":[125,117,118,121,121,131,137,137,135,125],"all_points_y":[114,119,127,135,137,137,134,123,116,114]},"region_attributes":{"object_name":"player_obj"}},"1":{"shape_attributes":{"name":"rect","x":204,"y":146,"width":20,"height":20},"region_attributes":{"object_name":"box_obj"}},"2":{"shape_attributes":{"name":"rect","x":203,"y":186,"width":19,"height":18},"region_attributes":{"object_name":"box_obj"}},"3":{"shape_attributes":{"name":"rect","x":143,"y":203,"width":98,"height":10},"region_attributes":{"object_name":"surface_obj"}},"4":{"shape_attributes":{"name":"circle","cx":234,"cy":195,"r":8},"region_attributes":{"object_name":"coin_obj"}}}},"485.jpg5038":{"fileref":"","size":5038,"filename":"485.jpg","base64_img_data":"","file_attributes":{},"regions":{"0":{"shape_attributes":{"name":"polygon","all_points_x":[127,121,118,121,121,131,137,134,133,127],"all_points_y":[122,125,127,135,137,137,134,123,124,122]},"region_attributes":{"object_name":"player_obj"}},"1":{"shape_attributes":{"name":"rect","x":168,"y":79,"width":20,"height":21},"region_attributes":{"object_name":"box_obj"}},"2":{"shape_attributes":{"name":"rect","x":169,"y":102,"width":17,"height":18},"region_attributes":{"object_name":"box_obj"}},"3":{"shape_attributes":{"name":"rect","x":170,"y":123,"width":17,"height":17},"region_attributes":{"object_name":"box_obj"}},"4":{"shape_attributes":{"name":"rect","x":27,"y":199,"width":81,"height":8},"region_attributes":{"object_name":"surface_obj"}},"5":{"shape_attributes":{"name":"rect","x":105,"y":137,"width":102,"height":7},"region_attributes":{"object_name":"surface_obj"}},"6":{"shape_attributes":{"name":"circle","cx":199,"cy":131,"r":7},"region_attributes":{"object_name":"coin_obj"}}}},"466.jpg5951":{"fileref":"","size":5951,"filename":"466.jpg","base64_img_data":"","file_attributes":{},"regions":{"0":{"shape_attributes":{"name":"polygon","all_points_x":[125,117,118,121,121,131,137,137,135,125],"all_points_y":[114,119,127,135,137,137,134,123,116,114]},"region_attributes":{"object_name":"player_obj"}},"1":{"shape_attributes":{"name":"polygon","all_points_x":[203,207,214,221,223,203],"all_points_y":[168,159,158,161,166,168]},"region_attributes":{"object_name":"monster_obj"}},"2":{"shape_attributes":{"name":"rect","x":143,"y":166,"width":99,"height":9},"region_attributes":{"object_name":"surface_obj"}},"3":{"shape_attributes":{"name":"rect","x":239,"y":64,"width":13,"height":10},"region_attributes":{"object_name":"surface_obj"}}}},"4611.jpg6296":{"fileref":"","size":6296,"filename":"4611.jpg","base64_img_data":"","file_attributes":{},"regions":{"0":{"shape_attributes":{"name":"polygon","all_points_x":[124,116,117,120,120,130,136,136,134,124],"all_points_y":[115,120,128,136,138,138,135,124,117,115]},"region_attributes":{"object_name":"player_obj"}},"1":{"shape_attributes":{"name":"polygon","all_points_x":[212,216,223,230,232,212],"all_points_y":[69,60,59,62,67,69]},"region_attributes":{"object_name":"monster_obj"}},"2":{"shape_attributes":{"name":"rect","x":71,"y":168,"width":80,"height":7},"region_attributes":{"object_name":"surface_obj"}},"3":{"shape_attributes":{"name":"rect","x":150,"y":67,"width":100,"height":8},"region_attributes":{"object_name":"surface_obj"}}}},"446.jpg11016":{"fileref":"","size":11016,"filename":"446.jpg","base64_img_data":"","file_attributes":{},"regions":{"0":{"shape_attributes":{"name":"polygon","all_points_x":[129,121,118,119,121,131,137,137,135,129],"all_points_y":[121,122,127,134,137,137,134,123,120,121]},"region_attributes":{"object_name":"player_obj"}},"1":{"shape_attributes":{"name":"polygon","all_points_x":[225,229,236,243,245,225],"all_points_y":[179,170,169,172,177,179]},"region_attributes":{"object_name":"monster_obj"}},"2":{"shape_attributes":{"name":"rect","x":165,"y":79,"width":20,"height":19},"region_attributes":{"object_name":"box_obj"}},"3":{"shape_attributes":{"name":"rect","x":166,"y":100,"width":18,"height":19},"region_attributes":{"object_name":"box_obj"}},"4":{"shape_attributes":{"name":"rect","x":167,"y":120,"width":19,"height":19},"region_attributes":{"object_name":"box_obj"}},"5":{"shape_attributes":{"name":"rect","x":44,"y":238,"width":80,"height":8},"region_attributes":{"object_name":"surface_obj"}},"6":{"shape_attributes":{"name":"rect","x":120,"y":138,"width":87,"height":8},"region_attributes":{"object_name":"surface_obj"}}}},"433.jpg6600":{"fileref":"","size":6600,"filename":"433.jpg","base64_img_data":"","file_attributes":{},"regions":{"0":{"shape_attributes":{"name":"polygon","all_points_x":[125,117,118,121,121,131,137,137,135,125],"all_points_y":[114,119,127,135,137,137,134,123,116,114]},"region_attributes":{"object_name":"player_obj"}},"1":{"shape_attributes":{"name":"rect","x":180,"y":177,"width":20,"height":20},"region_attributes":{"object_name":"box_obj"}},"2":{"shape_attributes":{"name":"circle","cx":213,"cy":188,"r":7},"region_attributes":{"object_name":"coin_obj"}}}},"429.jpg6378":{"fileref":"","size":6378,"filename":"429.jpg","base64_img_data":"","file_attributes":{},"regions":{"0":{"shape_attributes":{"name":"polygon","all_points_x":[125,117,118,121,121,131,137,137,135,125],"all_points_y":[114,119,127,135,137,137,134,123,116,114]},"region_attributes":{"object_name":"player_obj"}},"1":{"shape_attributes":{"name":"rect","x":206,"y":176,"width":23,"height":21},"region_attributes":{"object_name":"box_obj"}},"2":{"shape_attributes":{"name":"rect","x":207,"y":197,"width":18,"height":20},"region_attributes":{"object_name":"box_obj"}},"3":{"shape_attributes":{"name":"circle","cx":238,"cy":206,"r":7},"region_attributes":{"object_name":"coin_obj"}}}},"428.jpg6579":{"fileref":"","size":6579,"filename":"428.jpg","base64_img_data":"","file_attributes":{},"regions":{"0":{"shape_attributes":{"name":"polygon","all_points_x":[125,117,118,121,121,131,137,137,135,125],"all_points_y":[114,119,127,135,137,137,134,123,116,114]},"region_attributes":{"object_name":"player_obj"}},"1":{"shape_attributes":{"name":"rect","x":178,"y":133,"width":23,"height":21},"region_attributes":{"object_name":"box_obj"}},"2":{"shape_attributes":{"name":"rect","x":181,"y":156,"width":19,"height":18},"region_attributes":{"object_name":"box_obj"}},"3":{"shape_attributes":{"name":"circle","cx":210,"cy":166,"r":7},"region_attributes":{"object_name":"coin_obj"}}}},"809.jpg6008":{"fileref":"","size":6008,"filename":"809.jpg","base64_img_data":"","file_attributes":{},"regions":{"0":{"shape_attributes":{"name":"polygon","all_points_x":[125,117,118,121,121,131,137,137,135,125],"all_points_y":[114,119,127,135,137,137,134,123,116,114]},"region_attributes":{"object_name":"player_obj"}},"1":{"shape_attributes":{"name":"rect","x":107,"y":232,"width":81,"height":10},"region_attributes":{"object_name":"surface_obj"}},"2":{"shape_attributes":{"name":"rect","x":185,"y":193,"width":66,"height":9},"region_attributes":{"object_name":"surface_obj"}}}},"807.jpg6219":{"fileref":"","size":6219,"filename":"807.jpg","base64_img_data":"","file_attributes":{},"regions":{"0":{"shape_attributes":{"name":"polygon","all_points_x":[125,117,118,121,121,131,137,137,135,125],"all_points_y":[114,119,127,135,137,137,134,123,116,114]},"region_attributes":{"object_name":"player_obj"}},"1":{"shape_attributes":{"name":"rect","x":218,"y":188,"width":20,"height":20},"region_attributes":{"object_name":"box_obj"}},"2":{"shape_attributes":{"name":"rect","x":136,"y":208,"width":103,"height":9},"region_attributes":{"object_name":"surface_obj"}}}},"804.jpg6516":{"fileref":"","size":6516,"filename":"804.jpg","base64_img_data":"","file_attributes":{},"regions":{"0":{"shape_attributes":{"name":"polygon","all_points_x":[125,117,118,121,121,131,137,137,135,125],"all_points_y":[114,119,127,135,137,137,134,123,116,114]},"region_attributes":{"object_name":"player_obj"}},"1":{"shape_attributes":{"name":"rect","x":158,"y":151,"width":19,"height":17},"region_attributes":{"object_name":"box_obj"}},"2":{"shape_attributes":{"name":"rect","x":7,"y":208,"width":73,"height":9},"region_attributes":{"object_name":"surface_obj"}},"3":{"shape_attributes":{"name":"rect","x":77,"y":165,"width":103,"height":11},"region_attributes":{"object_name":"surface_obj"}},"4":{"shape_attributes":{"name":"rect","x":177,"y":67,"width":22,"height":9},"region_attributes":{"object_name":"surface_obj"}},"5":{"shape_attributes":{"name":"rect","x":198,"y":208,"width":52,"height":8},"region_attributes":{"object_name":"surface_obj"}}}},"800.jpg6735":{"fileref":"","size":6735,"filename":"800.jpg","base64_img_data":"","file_attributes":{},"regions":{"0":{"shape_attributes":{"name":"polygon","all_points_x":[125,117,118,121,121,131,137,137,135,125],"all_points_y":[114,119,127,135,137,137,134,123,116,114]},"region_attributes":{"object_name":"player_obj"}},"1":{"shape_attributes":{"name":"rect","x":215,"y":150,"width":21,"height":20},"region_attributes":{"object_name":"box_obj"}},"2":{"shape_attributes":{"name":"rect","x":59,"y":209,"width":77,"height":7},"region_attributes":{"object_name":"surface_obj"}},"3":{"shape_attributes":{"name":"rect","x":133,"y":167,"width":104,"height":7},"region_attributes":{"object_name":"surface_obj"}},"4":{"shape_attributes":{"name":"rect","x":234,"y":67,"width":17,"height":8},"region_attributes":{"object_name":"surface_obj"}}}},"795.jpg6555":{"fileref":"","size":6555,"filename":"795.jpg","base64_img_data":"","file_attributes":{},"regions":{"0":{"shape_attributes":{"name":"polygon","all_points_x":[128,121,118,121,121,131,137,137,136,128],"all_points_y":[120,122,127,135,137,137,134,123,120,120]},"region_attributes":{"object_name":"player_obj"}},"1":{"shape_attributes":{"name":"rect","x":7,"y":179,"width":37,"height":7},"region_attributes":{"object_name":"surface_obj"}},"2":{"shape_attributes":{"name":"rect","x":41,"y":138,"width":100,"height":7},"region_attributes":{"object_name":"surface_obj"}},"3":{"shape_attributes":{"name":"rect","x":141,"y":38,"width":23,"height":8},"region_attributes":{"object_name":"surface_obj"}},"4":{"shape_attributes":{"name":"rect","x":160,"y":177,"width":88,"height":8},"region_attributes":{"object_name":"surface_obj"}},"5":{"shape_attributes":{"name":"rect","x":221,"y":35,"width":23,"height":10},"region_attributes":{"object_name":"surface_obj"}}}},"794.jpg5268":{"fileref":"","size":5268,"filename":"794.jpg","base64_img_data":"","file_attributes":{},"regions":{"0":{"shape_attributes":{"name":"polygon","all_points_x":[125,117,118,121,121,131,137,137,135,125],"all_points_y":[114,119,127,135,137,137,134,123,116,114]},"region_attributes":{"object_name":"player_obj"}},"1":{"shape_attributes":{"name":"rect","x":125,"y":217,"width":18,"height":18},"region_attributes":{"object_name":"box_obj"}},"2":{"shape_attributes":{"name":"rect","x":44,"y":234,"width":100,"height":10},"region_attributes":{"object_name":"surface_obj"}},"3":{"shape_attributes":{"name":"rect","x":145,"y":135,"width":20,"height":8},"region_attributes":{"object_name":"surface_obj"}},"4":{"shape_attributes":{"name":"rect","x":223,"y":134,"width":24,"height":9},"region_attributes":{"object_name":"surface_obj"}}}},"789.jpg6944":{"fileref":"","size":6944,"filename":"789.jpg","base64_img_data":"","file_attributes":{},"regions":{"0":{"shape_attributes":{"name":"polygon","all_points_x":[125,117,118,121,121,131,137,137,135,125],"all_points_y":[114,119,127,135,137,137,134,123,116,114]},"region_attributes":{"object_name":"player_obj"}},"1":{"shape_attributes":{"name":"rect","x":213,"y":158,"width":17,"height":20},"region_attributes":{"object_name":"box_obj"}},"2":{"shape_attributes":{"name":"rect","x":49,"y":215,"width":82,"height":9},"region_attributes":{"object_name":"surface_obj"}},"3":{"shape_attributes":{"name":"rect","x":131,"y":176,"width":102,"height":8},"region_attributes":{"object_name":"surface_obj"}},"4":{"shape_attributes":{"name":"rect","x":230,"y":77,"width":22,"height":6},"region_attributes":{"object_name":"surface_obj"}}}},"782.jpg6456":{"fileref":"","size":6456,"filename":"782.jpg","base64_img_data":"","file_attributes":{},"regions":{"0":{"shape_attributes":{"name":"polygon","all_points_x":[125,117,118,121,121,131,137,137,135,125],"all_points_y":[114,119,127,135,137,137,134,123,116,114]},"region_attributes":{"object_name":"player_obj"}},"1":{"shape_attributes":{"name":"rect","x":75,"y":166,"width":81,"height":10},"region_attributes":{"object_name":"surface_obj"}},"2":{"shape_attributes":{"name":"rect","x":156,"y":128,"width":91,"height":8},"region_attributes":{"object_name":"surface_obj"}}}},"777.jpg6478":{"fileref":"","size":6478,"filename":"777.jpg","base64_img_data":"","file_attributes":{},"regions":{"0":{"shape_attributes":{"name":"polygon","all_points_x":[127,122,118,121,121,131,137,137,133,127],"all_points_y":[119,122,127,135,137,137,134,123,121,119]},"region_attributes":{"object_name":"player_obj"}},"1":{"shape_attributes":{"name":"rect","x":168,"y":120,"width":16,"height":17},"region_attributes":{"object_name":"box_obj"}},"2":{"shape_attributes":{"name":"rect","x":7,"y":177,"width":80,"height":9},"region_attributes":{"object_name":"surface_obj"}},"3":{"shape_attributes":{"name":"rect","x":87,"y":138,"width":99,"height":9},"region_attributes":{"object_name":"surface_obj"}},"4":{"shape_attributes":{"name":"rect","x":186,"y":37,"width":22,"height":9},"region_attributes":{"object_name":"surface_obj"}},"5":{"shape_attributes":{"name":"rect","x":206,"y":177,"width":43,"height":9},"region_attributes":{"object_name":"surface_obj"}}}},"771.jpg5605":{"fileref":"","size":5605,"filename":"771.jpg","base64_img_data":"","file_attributes":{},"regions":{"0":{"shape_attributes":{"name":"polygon","all_points_x":[126,120,118,121,121,131,137,137,134,126],"all_points_y":[118,120,127,135,137,137,134,123,120,118]},"region_attributes":{"object_name":"player_obj"}},"1":{"shape_attributes":{"name":"rect","x":115,"y":137,"width":85,"height":10},"region_attributes":{"object_name":"surface_obj"}},"2":{"shape_attributes":{"name":"rect","x":195,"y":98,"width":53,"height":8},"region_attributes":{"object_name":"surface_obj"}}}},"761.jpg5705":{"fileref":"","size":5705,"filename":"761.jpg","base64_img_data":"","file_attributes":{},"regions":{"0":{"shape_attributes":{"name":"polygon","all_points_x":[125,117,118,121,121,131,137,137,135,125],"all_points_y":[114,119,127,135,137,137,134,123,116,114]},"region_attributes":{"object_name":"player_obj"}},"1":{"shape_attributes":{"name":"rect","x":193,"y":216,"width":18,"height":18},"region_attributes":{"object_name":"box_obj"}},"2":{"shape_attributes":{"name":"rect","x":112,"y":234,"width":97,"height":7},"region_attributes":{"object_name":"surface_obj"}},"3":{"shape_attributes":{"name":"rect","x":213,"y":134,"width":18,"height":7},"region_attributes":{"object_name":"surface_obj"}}}},"757.jpg6589":{"fileref":"","size":6589,"filename":"757.jpg","base64_img_data":"","file_attributes":{},"regions":{"0":{"shape_attributes":{"name":"polygon","all_points_x":[125,117,118,121,121,131,137,137,135,125],"all_points_y":[114,119,127,135,137,137,134,123,116,114]},"region_attributes":{"object_name":"player_obj"}},"1":{"shape_attributes":{"name":"rect","x":141,"y":149,"width":18,"height":19},"region_attributes":{"object_name":"box_obj"}},"2":{"shape_attributes":{"name":"rect","x":5,"y":207,"width":54,"height":9},"region_attributes":{"object_name":"surface_obj"}},"3":{"shape_attributes":{"name":"rect","x":58,"y":166,"width":105,"height":9},"region_attributes":{"object_name":"surface_obj"}},"4":{"shape_attributes":{"name":"rect","x":159,"y":67,"width":20,"height":9},"region_attributes":{"object_name":"surface_obj"}},"5":{"shape_attributes":{"name":"rect","x":177,"y":209,"width":72,"height":5},"region_attributes":{"object_name":"surface_obj"}},"6":{"shape_attributes":{"name":"rect","x":237,"y":69,"width":15,"height":7},"region_attributes":{"object_name":"surface_obj"}}}},"755.jpg6935":{"fileref":"","size":6935,"filename":"755.jpg","base64_img_data":"","file_attributes":{},"regions":{"0":{"shape_attributes":{"name":"polygon","all_points_x":[125,117,118,121,121,132,137,137,135,125],"all_points_y":[114,119,127,135,137,139,134,123,116,114]},"region_attributes":{"object_name":"player_obj"}},"1":{"shape_attributes":{"name":"rect","x":181,"y":150,"width":18,"height":18},"region_attributes":{"object_name":"box_obj"}},"2":{"shape_attributes":{"name":"rect","x":23,"y":207,"width":77,"height":9},"region_attributes":{"object_name":"surface_obj"}},"3":{"shape_attributes":{"name":"rect","x":100,"y":168,"width":101,"height":9},"region_attributes":{"object_name":"surface_obj"}},"4":{"shape_attributes":{"name":"rect","x":201,"y":69,"width":21,"height":8},"region_attributes":{"object_name":"surface_obj"}},"5":{"shape_attributes":{"name":"rect","x":222,"y":209,"width":28,"height":6},"region_attributes":{"object_name":"surface_obj"}}}},"746.jpg6804":{"fileref":"","size":6804,"filename":"746.jpg","base64_img_data":"","file_attributes":{},"regions":{"0":{"shape_attributes":{"name":"polygon","all_points_x":[123,116,116,119,119,129,135,135,133,123],"all_points_y":[118,122,131,139,141,141,138,127,120,118]},"region_attributes":{"object_name":"player_obj"}},"1":{"shape_attributes":{"name":"rect","x":208,"y":120,"width":21,"height":20},"region_attributes":{"object_name":"box_obj"}},"2":{"shape_attributes":{"name":"rect","x":49,"y":180,"width":79,"height":7},"region_attributes":{"object_name":"surface_obj"}},"3":{"shape_attributes":{"name":"rect","x":131,"y":138,"width":93,"height":9},"region_attributes":{"object_name":"surface_obj"}},"4":{"shape_attributes":{"name":"rect","x":227,"y":39,"width":23,"height":8},"region_attributes":{"object_name":"surface_obj"}}}},"741.jpg6893":{"fileref":"","size":6893,"filename":"741.jpg","base64_img_data":"","file_attributes":{},"regions":{"0":{"shape_attributes":{"name":"polygon","all_points_x":[125,117,118,121,121,131,137,137,135,125],"all_points_y":[114,119,127,135,137,137,134,123,116,114]},"region_attributes":{"object_name":"player_obj"}},"1":{"shape_attributes":{"name":"rect","x":193,"y":149,"width":20,"height":20},"region_attributes":{"object_name":"box_obj"}},"2":{"shape_attributes":{"name":"rect","x":34,"y":208,"width":80,"height":8},"region_attributes":{"object_name":"surface_obj"}},"3":{"shape_attributes":{"name":"rect","x":112,"y":168,"width":103,"height":7},"region_attributes":{"object_name":"surface_obj"}},"4":{"shape_attributes":{"name":"rect","x":212,"y":66,"width":22,"height":10},"region_attributes":{"object_name":"surface_obj"}}}},"737.jpg4245":{"fileref":"","size":4245,"filename":"737.jpg","base64_img_data":"","file_attributes":{},"regions":{"0":{"shape_attributes":{"name":"polygon","all_points_x":[125,117,118,121,121,131,137,137,135,125],"all_points_y":[114,119,127,135,137,137,134,123,116,114]},"region_attributes":{"object_name":"player_obj"}},"1":{"shape_attributes":{"name":"rect","x":138,"y":186,"width":21,"height":6},"region_attributes":{"object_name":"surface_obj"}},"2":{"shape_attributes":{"name":"rect","x":219,"y":184,"width":20,"height":7},"region_attributes":{"object_name":"surface_obj"}}}},"735.jpg6555":{"fileref":"","size":6555,"filename":"735.jpg","base64_img_data":"","file_attributes":{},"regions":{"0":{"shape_attributes":{"name":"polygon","all_points_x":[128,119,118,121,121,131,137,137,135,128],"all_points_y":[116,121,130,138,140,140,137,126,119,116]},"region_attributes":{"object_name":"player_obj"}},"1":{"shape_attributes":{"name":"rect","x":166,"y":120,"width":19,"height":19},"region_attributes":{"object_name":"box_obj"}},"2":{"shape_attributes":{"name":"rect","x":7,"y":177,"width":79,"height":8},"region_attributes":{"object_name":"surface_obj"}},"3":{"shape_attributes":{"name":"rect","x":86,"y":138,"width":100,"height":7},"region_attributes":{"object_name":"surface_obj"}},"4":{"shape_attributes":{"name":"rect","x":185,"y":38,"width":20,"height":8},"region_attributes":{"object_name":"surface_obj"}},"5":{"shape_attributes":{"name":"rect","x":206,"y":178,"width":43,"height":7},"region_attributes":{"object_name":"surface_obj"}}}},"719.jpg6256":{"fileref":"","size":6256,"filename":"719.jpg","base64_img_data":"","file_attributes":{},"regions":{"0":{"shape_attributes":{"name":"polygon","all_points_x":[127,121,118,121,121,131,137,137,134,127],"all_points_y":[117,122,127,135,137,137,134,123,118,117]},"region_attributes":{"object_name":"player_obj"}},"1":{"shape_attributes":{"name":"rect","x":218,"y":80,"width":17,"height":16},"region_attributes":{"object_name":"box_obj"}},"2":{"shape_attributes":{"name":"rect","x":58,"y":138,"width":79,"height":7},"region_attributes":{"object_name":"surface_obj"}},"3":{"shape_attributes":{"name":"rect","x":132,"y":98,"width":103,"height":8},"region_attributes":{"object_name":"surface_obj"}}}},"709.jpg5625":{"fileref":"","size":5625,"filename":"709.jpg","base64_img_data":"","file_attributes":{},"regions":{"0":{"shape_attributes":{"name":"polygon","all_points_x":[125,117,118,121,121,131,137,137,135,125],"all_points_y":[114,119,127,135,137,137,134,123,116,114]},"region_attributes":{"object_name":"player_obj"}},"1":{"shape_attributes":{"name":"rect","x":175,"y":197,"width":18,"height":18},"region_attributes":{"object_name":"box_obj"}},"2":{"shape_attributes":{"name":"rect","x":91,"y":215,"width":102,"height":8},"region_attributes":{"object_name":"surface_obj"}},"3":{"shape_attributes":{"name":"rect","x":194,"y":117,"width":21,"height":8},"region_attributes":{"object_name":"surface_obj"}}}},"707.jpg6390":{"fileref":"","size":6390,"filename":"707.jpg","base64_img_data":"","file_attributes":{},"regions":{"0":{"shape_attributes":{"name":"polygon","all_points_x":[125,118,118,121,121,131,137,137,135,125],"all_points_y":[117,122,130,138,140,140,137,126,119,117]},"region_attributes":{"object_name":"player_obj"}},"1":{"shape_attributes":{"name":"rect","x":130,"y":141,"width":16,"height":18},"region_attributes":{"object_name":"box_obj"}},"2":{"shape_attributes":{"name":"rect","x":6,"y":198,"width":45,"height":8},"region_attributes":{"object_name":"surface_obj"}},"3":{"shape_attributes":{"name":"rect","x":48,"y":157,"width":102,"height":10},"region_attributes":{"object_name":"surface_obj"}},"4":{"shape_attributes":{"name":"rect","x":147,"y":59,"width":23,"height":8},"region_attributes":{"object_name":"surface_obj"}},"5":{"shape_attributes":{"name":"rect","x":227,"y":58,"width":22,"height":7},"region_attributes":{"object_name":"surface_obj"}},"6":{"shape_attributes":{"name":"rect","x":168,"y":197,"width":79,"height":8},"region_attributes":{"object_name":"surface_obj"}}}},"689.jpg6640":{"fileref":"","size":6640,"filename":"689.jpg","base64_img_data":"","file_attributes":{},"regions":{"0":{"shape_attributes":{"name":"polygon","all_points_x":[125,117,118,121,121,131,137,137,135,125],"all_points_y":[114,119,127,135,137,137,134,123,116,114]},"region_attributes":{"object_name":"player_obj"}},"1":{"shape_attributes":{"name":"rect","x":126,"y":140,"width":18,"height":19},"region_attributes":{"object_name":"box_obj"}},"2":{"shape_attributes":{"name":"rect","x":6,"y":197,"width":40,"height":9},"region_attributes":{"object_name":"surface_obj"}},"3":{"shape_attributes":{"name":"rect","x":44,"y":158,"width":102,"height":7},"region_attributes":{"object_name":"surface_obj"}},"4":{"shape_attributes":{"name":"rect","x":143,"y":58,"width":24,"height":9},"region_attributes":{"object_name":"surface_obj"}},"5":{"shape_attributes":{"name":"rect","x":224,"y":57,"width":23,"height":8},"region_attributes":{"object_name":"surface_obj"}},"6":{"shape_attributes":{"name":"rect","x":163,"y":198,"width":85,"height":6},"region_attributes":{"object_name":"surface_obj"}}}},"671.jpg6396":{"fileref":"","size":6396,"filename":"671.jpg","base64_img_data":"","file_attributes":{},"regions":{"0":{"shape_attributes":{"name":"polygon","all_points_x":[125,117,118,121,121,131,137,137,135,125],"all_points_y":[114,119,127,135,137,137,134,123,116,114]},"region_attributes":{"object_name":"player_obj"}},"1":{"shape_attributes":{"name":"rect","x":205,"y":175,"width":19,"height":19},"region_attributes":{"object_name":"box_obj"}},"2":{"shape_attributes":{"name":"rect","x":43,"y":234,"width":82,"height":9},"region_attributes":{"object_name":"surface_obj"}},"3":{"shape_attributes":{"name":"rect","x":125,"y":193,"width":100,"height":8},"region_attributes":{"object_name":"surface_obj"}},"4":{"shape_attributes":{"name":"rect","x":223,"y":94,"width":21,"height":8},"region_attributes":{"object_name":"surface_obj"}}}},"659.jpg4136":{"fileref":"","size":4136,"filename":"659.jpg","base64_img_data":"","file_attributes":{},"regions":{"0":{"shape_attributes":{"name":"polygon","all_points_x":[125,117,118,121,121,131,137,137,135,125],"all_points_y":[114,119,127,135,137,137,134,123,116,114]},"region_attributes":{"object_name":"player_obj"}},"1":{"shape_attributes":{"name":"rect","x":102,"y":234,"width":23,"height":8},"region_attributes":{"object_name":"surface_obj"}},"2":{"shape_attributes":{"name":"rect","x":181,"y":233,"width":21,"height":10},"region_attributes":{"object_name":"surface_obj"}},"3":{"shape_attributes":{"name":"rect","x":241,"y":234,"width":10,"height":7},"region_attributes":{"object_name":"surface_obj"}}}},"629.jpg4629":{"fileref":"","size":4629,"filename":"629.jpg","base64_img_data":"","file_attributes":{},"regions":{"0":{"shape_attributes":{"name":"polygon","all_points_x":[125,117,118,121,121,131,137,137,135,125],"all_points_y":[114,119,127,135,137,137,134,123,116,114]},"region_attributes":{"object_name":"player_obj"}},"1":{"shape_attributes":{"name":"rect","x":150,"y":169,"width":19,"height":8},"region_attributes":{"object_name":"surface_obj"}},"2":{"shape_attributes":{"name":"rect","x":228,"y":169,"width":21,"height":7},"region_attributes":{"object_name":"surface_obj"}}}},"610.jpg4651":{"fileref":"","size":4651,"filename":"610.jpg","base64_img_data":"","file_attributes":{},"regions":{"0":{"shape_attributes":{"name":"polygon","all_points_x":[125,117,118,121,121,131,137,137,135,125],"all_points_y":[114,119,127,135,137,137,134,123,116,114]},"region_attributes":{"object_name":"player_obj"}},"1":{"shape_attributes":{"name":"rect","x":144,"y":169,"width":23,"height":8},"region_attributes":{"object_name":"surface_obj"}},"2":{"shape_attributes":{"name":"rect","x":225,"y":167,"width":22,"height":8},"region_attributes":{"object_name":"surface_obj"}}}},"599.jpg6628":{"fileref":"","size":6628,"filename":"599.jpg","base64_img_data":"","file_attributes":{},"regions":{"0":{"shape_attributes":{"name":"polygon","all_points_x":[125,117,118,121,121,131,137,137,135,125],"all_points_y":[114,119,127,135,137,137,134,123,116,114]},"region_attributes":{"object_name":"player_obj"}},"1":{"shape_attributes":{"name":"rect","x":236,"y":108,"width":15,"height":18},"region_attributes":{"object_name":"box_obj"}},"2":{"shape_attributes":{"name":"rect","x":75,"y":167,"width":80,"height":8},"region_attributes":{"object_name":"surface_obj"}},"3":{"shape_attributes":{"name":"rect","x":156,"y":128,"width":92,"height":7},"region_attributes":{"object_name":"surface_obj"}}}},"588.jpg6544":{"fileref":"","size":6544,"filename":"588.jpg","base64_img_data":"","file_attributes":{},"regions":{"0":{"shape_attributes":{"name":"polygon","all_points_x":[125,117,118,121,121,131,137,137,135,125],"all_points_y":[114,119,127,135,137,137,134,123,116,114]},"region_attributes":{"object_name":"player_obj"}},"1":{"shape_attributes":{"name":"rect","x":160,"y":122,"width":17,"height":18},"region_attributes":{"object_name":"box_obj"}},"2":{"shape_attributes":{"name":"rect","x":6,"y":177,"width":74,"height":7},"region_attributes":{"object_name":"surface_obj"}},"3":{"shape_attributes":{"name":"rect","x":80,"y":138,"width":100,"height":8},"region_attributes":{"object_name":"surface_obj"}},"4":{"shape_attributes":{"name":"rect","x":180,"y":38,"width":21,"height":8},"region_attributes":{"object_name":"surface_obj"}},"5":{"shape_attributes":{"name":"rect","x":200,"y":178,"width":50,"height":7},"region_attributes":{"object_name":"surface_obj"}}}},"582.jpg5346":{"fileref":"","size":5346,"filename":"582.jpg","base64_img_data":"","file_attributes":{},"regions":{"0":{"shape_attributes":{"name":"polygon","all_points_x":[125,117,118,121,121,131,137,137,135,125],"all_points_y":[114,119,127,135,137,137,134,123,116,114]},"region_attributes":{"object_name":"player_obj"}},"1":{"shape_attributes":{"name":"rect","x":172,"y":223,"width":75,"height":8},"region_attributes":{"object_name":"surface_obj"}}}},"578.jpg6498":{"fileref":"","size":6498,"filename":"578.jpg","base64_img_data":"","file_attributes":{},"regions":{"0":{"shape_attributes":{"name":"polygon","all_points_x":[125,117,118,121,121,131,137,137,135,125],"all_points_y":[118,123,131,139,141,141,138,127,120,118]},"region_attributes":{"object_name":"player_obj"}},"1":{"shape_attributes":{"name":"rect","x":172,"y":120,"width":19,"height":18},"region_attributes":{"object_name":"box_obj"}},"2":{"shape_attributes":{"name":"rect","x":15,"y":177,"width":80,"height":10},"region_attributes":{"object_name":"surface_obj"}},"3":{"shape_attributes":{"name":"rect","x":92,"y":138,"width":100,"height":7},"region_attributes":{"object_name":"surface_obj"}},"4":{"shape_attributes":{"name":"rect","x":194,"y":38,"width":20,"height":7},"region_attributes":{"object_name":"surface_obj"}},"5":{"shape_attributes":{"name":"rect","x":211,"y":177,"width":38,"height":8},"region_attributes":{"object_name":"surface_obj"}}}},"561.jpg6794":{"fileref":"","size":6794,"filename":"561.jpg","base64_img_data":"","file_attributes":{},"regions":{"0":{"shape_attributes":{"name":"polygon","all_points_x":[124,116,117,120,120,130,136,136,134,124],"all_points_y":[117,122,130,138,140,140,137,126,119,117]},"region_attributes":{"object_name":"player_obj"}},"1":{"shape_attributes":{"name":"rect","x":207,"y":119,"width":19,"height":20},"region_attributes":{"object_name":"box_obj"}},"2":{"shape_attributes":{"name":"rect","x":48,"y":177,"width":78,"height":8},"region_attributes":{"object_name":"surface_obj"}},"3":{"shape_attributes":{"name":"rect","x":130,"y":136,"width":97,"height":11},"region_attributes":{"object_name":"surface_obj"}},"4":{"shape_attributes":{"name":"rect","x":227,"y":38,"width":21,"height":7},"region_attributes":{"object_name":"surface_obj"}}}},"532.jpg6267":{"fileref":"","size":6267,"filename":"532.jpg","base64_img_data":"","file_attributes":{},"regions":{"0":{"shape_attributes":{"name":"polygon","all_points_x":[123,115,116,119,119,129,135,135,133,123],"all_points_y":[117,122,130,138,140,140,137,126,119,117]},"region_attributes":{"object_name":"player_obj"}},"1":{"shape_attributes":{"name":"rect","x":119,"y":139,"width":20,"height":19},"region_attributes":{"object_name":"box_obj"}},"2":{"shape_attributes":{"name":"rect","x":6,"y":198,"width":34,"height":8},"region_attributes":{"object_name":"surface_obj"}},"3":{"shape_attributes":{"name":"rect","x":39,"y":157,"width":101,"height":9},"region_attributes":{"object_name":"surface_obj"}},"4":{"shape_attributes":{"name":"rect","x":140,"y":57,"width":22,"height":10},"region_attributes":{"object_name":"surface_obj"}},"5":{"shape_attributes":{"name":"rect","x":219,"y":57,"width":22,"height":9},"region_attributes":{"object_name":"surface_obj"}},"6":{"shape_attributes":{"name":"rect","x":159,"y":198,"width":91,"height":9},"region_attributes":{"object_name":"surface_obj"}}}},"531.jpg4747":{"fileref":"","size":4747,"filename":"531.jpg","base64_img_data":"","file_attributes":{},"regions":{"0":{"shape_attributes":{"name":"polygon","all_points_x":[125,117,118,121,121,131,137,137,135,125],"all_points_y":[114,119,127,135,137,137,134,123,116,114]},"region_attributes":{"object_name":"player_obj"}},"1":{"shape_attributes":{"name":"rect","x":127,"y":238,"width":15,"height":12},"region_attributes":{"object_name":"box_obj"}},"2":{"shape_attributes":{"name":"rect","x":147,"y":157,"width":21,"height":8},"region_attributes":{"object_name":"surface_obj"}},"3":{"shape_attributes":{"name":"rect","x":224,"y":158,"width":23,"height":8},"region_attributes":{"object_name":"surface_obj"}}}},"510.jpg5411":{"fileref":"","size":5411,"filename":"510.jpg","base64_img_data":"","file_attributes":{},"regions":{"0":{"shape_attributes":{"name":"polygon","all_points_x":[125,117,118,121,121,131,137,137,135,125],"all_points_y":[114,119,127,135,137,137,134,123,116,114]},"region_attributes":{"object_name":"player_obj"}},"1":{"shape_attributes":{"name":"rect","x":194,"y":217,"width":55,"height":9},"region_attributes":{"object_name":"surface_obj"}}}},"508.jpg4643":{"fileref":"","size":4643,"filename":"508.jpg","base64_img_data":"","file_attributes":{},"regions":{"0":{"shape_attributes":{"name":"polygon","all_points_x":[125,117,118,121,121,131,137,137,135,125],"all_points_y":[114,119,127,135,137,137,134,123,116,114]},"region_attributes":{"object_name":"player_obj"}},"1":{"shape_attributes":{"name":"rect","x":180,"y":163,"width":24,"height":8},"region_attributes":{"object_name":"surface_obj"}}}},"492.jpg6566":{"fileref":"","size":6566,"filename":"492.jpg","base64_img_data":"","file_attributes":{},"regions":{"0":{"shape_attributes":{"name":"polygon","all_points_x":[125,117,118,121,121,131,137,137,135,125],"all_points_y":[114,119,127,135,137,137,134,123,116,114]},"region_attributes":{"object_name":"player_obj"}},"1":{"shape_attributes":{"name":"rect","x":196,"y":176,"width":17,"height":17},"region_attributes":{"object_name":"box_obj"}},"2":{"shape_attributes":{"name":"rect","x":35,"y":234,"width":79,"height":7},"region_attributes":{"object_name":"surface_obj"}},"3":{"shape_attributes":{"name":"rect","x":114,"y":194,"width":102,"height":8},"region_attributes":{"object_name":"surface_obj"}},"4":{"shape_attributes":{"name":"rect","x":214,"y":93,"width":23,"height":8},"region_attributes":{"object_name":"surface_obj"}}}},"464.jpg6010":{"fileref":"","size":6010,"filename":"464.jpg","base64_img_data":"","file_attributes":{},"regions":{"0":{"shape_attributes":{"name":"polygon","all_points_x":[125,119,118,121,121,131,137,137,135,125],"all_points_y":[117,121,130,138,140,140,137,126,119,117]},"region_attributes":{"object_name":"player_obj"}},"1":{"shape_attributes":{"name":"rect","x":234,"y":78,"width":16,"height":18},"region_attributes":{"object_name":"box_obj"}},"2":{"shape_attributes":{"name":"rect","x":75,"y":138,"width":80,"height":8},"region_attributes":{"object_name":"surface_obj"}},"3":{"shape_attributes":{"name":"rect","x":153,"y":98,"width":97,"height":8},"region_attributes":{"object_name":"surface_obj"}}}},"415.jpg5838":{"fileref":"","size":5838,"filename":"415.jpg","base64_img_data":"","file_attributes":{},"regions":{"0":{"shape_attributes":{"name":"polygon","all_points_x":[125,117,118,121,121,131,137,137,135,125],"all_points_y":[114,119,127,135,137,137,134,123,116,114]},"region_attributes":{"object_name":"player_obj"}},"1":{"shape_attributes":{"name":"rect","x":78,"y":206,"width":18,"height":19},"region_attributes":{"object_name":"box_obj"}},"2":{"shape_attributes":{"name":"rect","x":6,"y":225,"width":94,"height":9},"region_attributes":{"object_name":"surface_obj"}},"3":{"shape_attributes":{"name":"rect","x":99,"y":127,"width":21,"height":7},"region_attributes":{"object_name":"surface_obj"}},"4":{"shape_attributes":{"name":"rect","x":178,"y":125,"width":20,"height":8},"region_attributes":{"object_name":"surface_obj"}},"5":{"shape_attributes":{"name":"rect","x":237,"y":127,"width":13,"height":7},"region_attributes":{"object_name":"surface_obj"}}}},"414.jpg3751":{"fileref":"","size":3751,"filename":"414.jpg","base64_img_data":"","file_attributes":{},"regions":{"0":{"shape_attributes":{"name":"polygon","all_points_x":[125,117,118,121,121,131,137,137,135,125],"all_points_y":[114,119,127,135,137,137,134,123,116,114]},"region_attributes":{"object_name":"player_obj"}}}},"411.jpg4613":{"fileref":"","size":4613,"filename":"411.jpg","base64_img_data":"","file_attributes":{},"regions":{"0":{"shape_attributes":{"name":"polygon","all_points_x":[125,117,118,121,121,131,137,137,135,125],"all_points_y":[114,119,127,135,137,137,134,123,116,114]},"region_attributes":{"object_name":"player_obj"}},"1":{"shape_attributes":{"name":"rect","x":142,"y":162,"width":26,"height":9},"region_attributes":{"object_name":"surface_obj"}},"2":{"shape_attributes":{"name":"rect","x":223,"y":163,"width":24,"height":10},"region_attributes":{"object_name":"surface_obj"}}}},"364.jpg5578":{"fileref":"","size":5578,"filename":"364.jpg","base64_img_data":"","file_attributes":{},"regions":{"0":{"shape_attributes":{"name":"polygon","all_points_x":[125,117,118,121,121,131,137,137,135,125],"all_points_y":[114,119,127,135,137,137,134,123,116,114]},"region_attributes":{"object_name":"player_obj"}},"1":{"shape_attributes":{"name":"rect","x":172,"y":197,"width":20,"height":18},"region_attributes":{"object_name":"box_obj"}},"2":{"shape_attributes":{"name":"rect","x":92,"y":215,"width":101,"height":10},"region_attributes":{"object_name":"surface_obj"}},"3":{"shape_attributes":{"name":"rect","x":191,"y":117,"width":23,"height":7},"region_attributes":{"object_name":"surface_obj"}}}},"337.jpg5655":{"fileref":"","size":5655,"filename":"337.jpg","base64_img_data":"","file_attributes":{},"regions":{"0":{"shape_attributes":{"name":"polygon","all_points_x":[125,119,118,121,121,131,137,137,135,125],"all_points_y":[117,121,130,138,140,140,137,126,119,117]},"region_attributes":{"object_name":"player_obj"}},"1":{"shape_attributes":{"name":"rect","x":99,"y":136,"width":80,"height":8},"region_attributes":{"object_name":"surface_obj"}},"2":{"shape_attributes":{"name":"rect","x":179,"y":98,"width":68,"height":8},"region_attributes":{"object_name":"surface_obj"}}}},"332.jpg5352":{"fileref":"","size":5352,"filename":"332.jpg","base64_img_data":"","file_attributes":{},"regions":{"0":{"shape_attributes":{"name":"polygon","all_points_x":[125,117,118,121,121,131,137,137,135,125],"all_points_y":[114,119,127,135,137,137,134,123,116,114]},"region_attributes":{"object_name":"player_obj"}},"1":{"shape_attributes":{"name":"rect","x":132,"y":215,"width":18,"height":18},"region_attributes":{"object_name":"box_obj"}},"2":{"shape_attributes":{"name":"rect","x":53,"y":234,"width":100,"height":8},"region_attributes":{"object_name":"surface_obj"}},"3":{"shape_attributes":{"name":"rect","x":151,"y":134,"width":21,"height":7},"region_attributes":{"object_name":"surface_obj"}},"4":{"shape_attributes":{"name":"rect","x":231,"y":132,"width":19,"height":8},"region_attributes":{"object_name":"surface_obj"}}}},"324.jpg7023":{"fileref":"","size":7023,"filename":"324.jpg","base64_img_data":"","file_attributes":{},"regions":{"0":{"shape_attributes":{"name":"polygon","all_points_x":[125,117,118,121,121,131,137,137,135,125],"all_points_y":[114,119,127,135,137,137,134,123,116,114]},"region_attributes":{"object_name":"player_obj"}},"1":{"shape_attributes":{"name":"rect","x":45,"y":158,"width":16,"height":16},"region_attributes":{"object_name":"box_obj"}},"2":{"shape_attributes":{"name":"rect","x":5,"y":176,"width":59,"height":8},"region_attributes":{"object_name":"surface_obj"}},"3":{"shape_attributes":{"name":"rect","x":64,"y":76,"width":21,"height":9},"region_attributes":{"object_name":"surface_obj"}},"4":{"shape_attributes":{"name":"rect","x":144,"y":75,"width":21,"height":9},"region_attributes":{"object_name":"surface_obj"}},"5":{"shape_attributes":{"name":"rect","x":203,"y":76,"width":21,"height":8},"region_attributes":{"object_name":"surface_obj"}},"6":{"shape_attributes":{"name":"rect","x":83,"y":216,"width":122,"height":8},"region_attributes":{"object_name":"surface_obj"}},"7":{"shape_attributes":{"name":"rect","x":226,"y":176,"width":24,"height":8},"region_attributes":{"object_name":"surface_obj"}}}},"323.jpg6465":{"fileref":"","size":6465,"filename":"323.jpg","base64_img_data":"","file_attributes":{},"regions":{"0":{"shape_attributes":{"name":"polygon","all_points_x":[125,117,118,121,121,131,137,137,135,125],"all_points_y":[117,122,130,138,140,140,137,126,119,117]},"region_attributes":{"object_name":"player_obj"}},"1":{"shape_attributes":{"name":"rect","x":132,"y":138,"width":19,"height":19},"region_attributes":{"object_name":"box_obj"}},"2":{"shape_attributes":{"name":"rect","x":6,"y":198,"width":45,"height":8},"region_attributes":{"object_name":"surface_obj"}},"3":{"shape_attributes":{"name":"rect","x":51,"y":158,"width":100,"height":8},"region_attributes":{"object_name":"surface_obj"}},"4":{"shape_attributes":{"name":"rect","x":151,"y":58,"width":21,"height":8},"region_attributes":{"object_name":"surface_obj"}},"5":{"shape_attributes":{"name":"rect","x":233,"y":59,"width":16,"height":6},"region_attributes":{"object_name":"surface_obj"}},"6":{"shape_attributes":{"name":"rect","x":171,"y":197,"width":76,"height":8},"region_attributes":{"object_name":"surface_obj"}}}},"321.jpg5065":{"fileref":"","size":5065,"filename":"321.jpg","base64_img_data":"","file_attributes":{},"regions":{"0":{"shape_attributes":{"name":"polygon","all_points_x":[125,117,118,121,121,131,137,137,135,125],"all_points_y":[114,119,127,135,137,137,134,123,116,114]},"region_attributes":{"object_name":"player_obj"}},"1":{"shape_attributes":{"name":"rect","x":126,"y":230,"width":18,"height":17},"region_attributes":{"object_name":"box_obj"}},"2":{"shape_attributes":{"name":"rect","x":144,"y":149,"width":23,"height":8},"region_attributes":{"object_name":"surface_obj"}},"3":{"shape_attributes":{"name":"rect","x":223,"y":148,"width":24,"height":9},"region_attributes":{"object_name":"surface_obj"}}}},"308.jpg4623":{"fileref":"","size":4623,"filename":"308.jpg","base64_img_data":"","file_attributes":{},"regions":{"0":{"shape_attributes":{"name":"polygon","all_points_x":[125,117,118,121,121,131,137,137,135,125],"all_points_y":[114,119,127,135,137,137,134,123,116,114]},"region_attributes":{"object_name":"player_obj"}},"1":{"shape_attributes":{"name":"rect","x":131,"y":168,"width":20,"height":6},"region_attributes":{"object_name":"surface_obj"}},"2":{"shape_attributes":{"name":"rect","x":212,"y":167,"width":21,"height":8},"region_attributes":{"object_name":"surface_obj"}}}},"294.jpg4695":{"fileref":"","size":4695,"filename":"294.jpg","base64_img_data":"","file_attributes":{},"regions":{"0":{"shape_attributes":{"name":"polygon","all_points_x":[125,117,118,121,121,131,137,137,135,125],"all_points_y":[114,119,127,135,137,137,134,123,116,114]},"region_attributes":{"object_name":"player_obj"}},"1":{"shape_attributes":{"name":"rect","x":146,"y":158,"width":22,"height":7},"region_attributes":{"object_name":"surface_obj"}},"2":{"shape_attributes":{"name":"rect","x":227,"y":157,"width":23,"height":8},"region_attributes":{"object_name":"surface_obj"}}}},"269.jpg5874":{"fileref":"","size":5874,"filename":"269.jpg","base64_img_data":"","file_attributes":{},"regions":{"0":{"shape_attributes":{"name":"polygon","all_points_x":[125,117,118,121,121,131,137,137,135,125],"all_points_y":[114,119,127,135,137,137,134,123,116,114]},"region_attributes":{"object_name":"player_obj"}},"1":{"shape_attributes":{"name":"rect","x":213,"y":205,"width":18,"height":18},"region_attributes":{"object_name":"box_obj"}},"2":{"shape_attributes":{"name":"rect","x":130,"y":223,"width":103,"height":8},"region_attributes":{"object_name":"surface_obj"}},"3":{"shape_attributes":{"name":"rect","x":229,"y":123,"width":20,"height":8},"region_attributes":{"object_name":"surface_obj"}}}},"220.jpg4756":{"fileref":"","size":4756,"filename":"220.jpg","base64_img_data":"","file_attributes":{},"regions":{"0":{"shape_attributes":{"name":"polygon","all_points_x":[125,117,118,121,121,131,137,137,135,125],"all_points_y":[114,119,127,135,137,137,134,123,116,114]},"region_attributes":{"object_name":"player_obj"}},"1":{"shape_attributes":{"name":"rect","x":128,"y":238,"width":21,"height":13},"region_attributes":{"object_name":"box_obj"}},"2":{"shape_attributes":{"name":"rect","x":148,"y":158,"width":24,"height":8},"region_attributes":{"object_name":"surface_obj"}},"3":{"shape_attributes":{"name":"rect","x":227,"y":156,"width":22,"height":8},"region_attributes":{"object_name":"surface_obj"}}}}}